task_id,category,tokenizer,language,token_count,char_count,pass1
task-a-0001,arithmetic,cl100k_base,toke,72,172,1.0
task-a-0002,arithmetic,cl100k_base,toke,72,187,1.0
task-a-0003,arithmetic,cl100k_base,toke,82,200,1.0
task-a-0004,arithmetic,cl100k_base,toke,86,213,1.0
task-a-0005,arithmetic,cl100k_base,toke,84,209,0.0
task-a-0006,arithmetic,cl100k_base,toke,91,204,-1.0
task-a-0007,arithmetic,cl100k_base,toke,73,189,1.0
task-a-0008,arithmetic,cl100k_base,toke,112,252,1.0
task-a-0009,arithmetic,cl100k_base,toke,140,293,1.0
task-a-0010,arithmetic,cl100k_base,toke,94,240,0.0
task-a-0011,arithmetic,cl100k_base,toke,129,283,0.0
task-a-0012,arithmetic,cl100k_base,toke,74,184,-1.0
task-a-0013,arithmetic,cl100k_base,toke,61,152,-1.0
task-a-0014,arithmetic,cl100k_base,toke,55,136,-1.0
task-a-0015,arithmetic,cl100k_base,toke,922,1958,-1.0
task-a-0016,arithmetic,cl100k_base,toke,97,230,1.0
task-a-0017,arithmetic,cl100k_base,toke,94,232,0.0
task-a-0018,arithmetic,cl100k_base,toke,93,227,1.0
task-a-0019,arithmetic,cl100k_base,toke,93,228,0.0
task-a-0020,arithmetic,cl100k_base,toke,82,196,1.0
task-a-0021,arithmetic,cl100k_base,toke,78,189,1.0
task-a-0022,arithmetic,cl100k_base,toke,78,189,1.0
task-a-0023,arithmetic,cl100k_base,toke,128,290,0.0
task-a-0024,arithmetic,cl100k_base,toke,93,220,1.0
task-a-0025,arithmetic,cl100k_base,toke,62,160,1.0
task-a-0026,arithmetic,cl100k_base,toke,92,197,0.0
task-a-0027,arithmetic,cl100k_base,toke,56,144,0.0
task-a-0028,arithmetic,cl100k_base,toke,60,152,0.0
task-a-0029,arithmetic,cl100k_base,toke,71,163,1.0
task-a-0030,arithmetic,cl100k_base,toke,52,128,1.0
task-a-0031,arithmetic,cl100k_base,toke,65,166,-1.0
task-a-0032,arithmetic,cl100k_base,toke,68,176,-1.0
task-a-0033,arithmetic,cl100k_base,toke,107,289,-1.0
task-a-0034,arithmetic,cl100k_base,toke,76,189,1.0
task-a-0035,arithmetic,cl100k_base,toke,76,189,1.0
task-a-0036,arithmetic,cl100k_base,toke,75,172,1.0
task-a-0037,arithmetic,cl100k_base,toke,89,226,1.0
task-a-0038,arithmetic,cl100k_base,toke,94,247,1.0
task-a-0039,arithmetic,cl100k_base,toke,78,192,1.0
task-a-0040,arithmetic,cl100k_base,toke,102,246,1.0
task-a-0041,arithmetic,cl100k_base,toke,92,211,1.0
task-a-0042,array_list,cl100k_base,toke,129,286,0.0
task-a-0043,array_list,cl100k_base,toke,130,290,0.0
task-a-0044,array_list,cl100k_base,toke,79,202,1.0
task-a-0045,array_list,cl100k_base,toke,84,219,1.0
task-a-0046,array_list,cl100k_base,toke,83,214,1.0
task-a-0047,array_list,cl100k_base,toke,94,241,1.0
task-a-0048,array_list,cl100k_base,toke,94,240,0.0
task-a-0049,array_list,cl100k_base,toke,101,265,1.0
task-a-0050,array_list,cl100k_base,toke,83,206,1.0
task-a-0051,array_list,cl100k_base,toke,142,348,1.0
task-a-0052,array_list,cl100k_base,toke,78,198,1.0
task-a-0053,array_list,cl100k_base,toke,141,376,1.0
task-a-0054,array_list,cl100k_base,toke,104,262,0.0
task-a-0055,array_list,cl100k_base,toke,104,262,1.0
task-a-0056,array_list,cl100k_base,toke,107,276,1.0
task-a-0057,array_list,cl100k_base,toke,153,370,-1.0
task-a-0058,array_list,cl100k_base,toke,169,405,1.0
task-a-0059,array_list,cl100k_base,toke,123,309,0.0
task-a-0060,array_list,cl100k_base,toke,51,133,1.0
task-a-0061,array_list,cl100k_base,toke,65,169,1.0
task-a-0062,array_list,cl100k_base,toke,115,294,0.0
task-a-0063,array_list,cl100k_base,toke,101,258,0.0
task-a-0064,array_list,cl100k_base,toke,95,246,-1.0
task-a-0065,array_list,cl100k_base,toke,117,263,-1.0
task-a-0066,array_list,cl100k_base,toke,80,210,1.0
task-a-0067,array_list,cl100k_base,toke,80,211,1.0
task-a-0068,array_list,cl100k_base,toke,108,288,1.0
task-a-0069,array_list,cl100k_base,toke,82,200,1.0
task-a-0070,array_list,cl100k_base,toke,78,203,1.0
task-a-0071,array_list,cl100k_base,toke,88,222,1.0
task-a-0072,array_list,cl100k_base,toke,126,299,1.0
task-a-0073,string,cl100k_base,toke,106,250,-1.0
task-a-0074,string,cl100k_base,toke,107,275,0.0
task-a-0075,string,cl100k_base,toke,65,169,0.0
task-a-0076,string,cl100k_base,toke,122,321,-1.0
task-a-0077,string,cl100k_base,toke,125,331,-1.0
task-a-0078,string,cl100k_base,toke,84,203,0.0
task-a-0079,string,cl100k_base,toke,106,289,-1.0
task-a-0080,string,cl100k_base,toke,116,297,0.0
task-a-0081,string,cl100k_base,toke,132,346,0.0
task-a-0082,string,cl100k_base,toke,216,464,-1.0
task-a-0083,string,cl100k_base,toke,140,380,-1.0
task-a-0084,string,cl100k_base,toke,247,521,0.0
task-a-0085,string,cl100k_base,toke,156,438,-1.0
task-a-0086,string,cl100k_base,toke,206,502,0.0
task-a-0087,string,cl100k_base,toke,213,516,0.0
task-a-0088,string,cl100k_base,toke,100,245,0.0
task-a-0089,string,cl100k_base,toke,134,391,0.0
task-a-0090,string,cl100k_base,toke,70,181,0.0
task-a-0091,string,cl100k_base,toke,104,265,0.0
task-a-0092,encoding,cl100k_base,toke,191,523,0.0
task-a-0093,search_selection,cl100k_base,toke,164,421,0.0
task-a-0094,search_selection,cl100k_base,toke,148,370,0.0
task-a-0095,search_selection,cl100k_base,toke,119,300,1.0
task-a-0096,search_selection,cl100k_base,toke,109,283,1.0
task-a-0097,search_selection,cl100k_base,toke,82,214,1.0
task-a-0098,search_selection,cl100k_base,toke,82,214,1.0
task-a-0099,search_selection,cl100k_base,toke,82,222,1.0
task-a-0100,search_selection,cl100k_base,toke,97,231,0.0
task-a-0101,search_selection,cl100k_base,toke,99,242,1.0
task-a-0102,search_selection,cl100k_base,toke,103,259,-1.0
task-a-0103,search_selection,cl100k_base,toke,149,394,1.0
task-a-0104,search_selection,cl100k_base,toke,149,394,1.0
task-a-0105,search_selection,cl100k_base,toke,82,213,1.0
task-a-0106,mathematical_sequences,cl100k_base,toke,110,258,1.0
task-a-0107,mathematical_sequences,cl100k_base,toke,126,330,0.0
task-a-0108,mathematical_sequences,cl100k_base,toke,69,164,1.0
task-a-0109,mathematical_sequences,cl100k_base,toke,89,218,1.0
task-a-0110,mathematical_sequences,cl100k_base,toke,114,268,-1.0
task-a-0111,mathematical_sequences,cl100k_base,toke,87,177,1.0
task-a-0112,mathematical_sequences,cl100k_base,toke,83,165,-1.0
task-a-0113,mathematical_sequences,cl100k_base,toke,79,174,-1.0
task-a-0114,mathematical_sequences,cl100k_base,toke,112,251,-1.0
task-a-0115,mathematical_sequences,cl100k_base,toke,152,391,0.0
task-a-0116,mathematical_sequences,cl100k_base,toke,241,567,-1.0
task-a-0117,mathematical_sequences,cl100k_base,toke,64,148,-1.0
task-a-0118,mathematical_sequences,cl100k_base,toke,64,155,1.0
task-a-0119,mathematical_sequences,cl100k_base,toke,67,159,0.0
task-a-0120,mathematical_sequences,cl100k_base,toke,129,310,0.0
task-a-0121,mathematical_sequences,cl100k_base,toke,174,422,-1.0
task-a-0122,mathematical_sequences,cl100k_base,toke,161,426,0.0
task-a-0123,mathematical_sequences,cl100k_base,toke,218,495,-1.0
task-a-0124,mathematical_sequences,cl100k_base,toke,154,371,0.0
task-a-0125,mathematical_sequences,cl100k_base,toke,176,477,-1.0
task-a-0126,mathematical_sequences,cl100k_base,toke,114,266,0.0
task-a-0127,comparison_logic,cl100k_base,toke,95,246,-1.0
task-a-0128,comparison_logic,cl100k_base,toke,80,217,1.0
task-a-0129,comparison_logic,cl100k_base,toke,118,314,1.0
task-a-0130,comparison_logic,cl100k_base,toke,115,314,0.0
task-a-0131,comparison_logic,cl100k_base,toke,149,408,1.0
task-a-0132,comparison_logic,cl100k_base,toke,155,416,1.0
task-a-0133,comparison_logic,cl100k_base,toke,78,208,1.0
task-a-0134,comparison_logic,cl100k_base,toke,78,204,1.0
task-a-0135,comparison_logic,cl100k_base,toke,77,203,1.0
task-a-0136,comparison_logic,cl100k_base,toke,77,204,1.0
task-a-0137,comparison_logic,cl100k_base,toke,102,288,1.0
task-a-0138,comparison_logic,cl100k_base,toke,82,228,1.0
task-a-0139,comparison_logic,cl100k_base,toke,82,230,0.0
task-a-0140,comparison_logic,cl100k_base,toke,95,247,1.0
task-a-0141,comparison_logic,cl100k_base,toke,91,233,1.0
task-a-0142,comparison_logic,cl100k_base,toke,132,343,0.0
task-a-0143,comparison_logic,cl100k_base,toke,90,224,1.0
task-a-0144,comparison_logic,cl100k_base,toke,124,318,1.0
task-a-0145,comparison_logic,cl100k_base,toke,88,238,1.0
task-a-0146,comparison_logic,cl100k_base,toke,97,257,1.0
task-a-0147,encoding,cl100k_base,toke,155,412,-1.0
task-a-0148,encoding,cl100k_base,toke,130,329,1.0
task-a-0149,encoding,cl100k_base,toke,112,210,0.0
task-a-0150,encoding,cl100k_base,toke,140,297,-1.0
task-a-0151,encoding,cl100k_base,toke,140,352,-1.0
task-a-0152,encoding,cl100k_base,toke,158,366,0.0
task-a-0153,encoding,cl100k_base,toke,73,186,-1.0
task-a-0154,encoding,cl100k_base,toke,74,191,-1.0
task-a-0155,encoding,cl100k_base,toke,93,238,-1.0
task-a-0156,encoding,cl100k_base,toke,86,186,1.0
task-a-0157,encoding,cl100k_base,toke,106,243,-1.0
task-a-0158,encoding,cl100k_base,toke,79,218,0.0
task-a-0159,encoding,cl100k_base,toke,178,442,-1.0
task-a-0160,encoding,cl100k_base,toke,169,383,0.0
task-a-0161,encoding,cl100k_base,toke,125,312,0.0
task-a-0162,encoding,cl100k_base,toke,193,469,-1.0
task-a-0163,encoding,cl100k_base,toke,120,309,1.0
task-a-0164,encoding,cl100k_base,toke,87,219,0.0
task-a-0165,encoding,cl100k_base,toke,144,371,0.0
task-a-0166,encoding,cl100k_base,toke,166,387,-1.0
task-a-0167,arithmetic,cl100k_base,toke,244,603,0.0
task-a-0168,arithmetic,cl100k_base,toke,129,302,1.0
task-a-0169,arithmetic,cl100k_base,toke,131,304,0.0
task-a-0170,arithmetic,cl100k_base,toke,66,170,0.0
task-a-0171,arithmetic,cl100k_base,toke,99,216,1.0
task-a-0172,arithmetic,cl100k_base,toke,92,207,1.0
task-a-0173,array_list,cl100k_base,toke,78,197,1.0
task-a-0174,array_list,cl100k_base,toke,165,448,-1.0
task-a-0175,array_list,cl100k_base,toke,113,299,-1.0
task-a-0176,array_list,cl100k_base,toke,100,258,0.0
task-a-0177,array_list,cl100k_base,toke,176,444,0.0
task-a-0178,array_list,cl100k_base,toke,430,1066,-1.0
task-a-0179,array_list,cl100k_base,toke,141,354,0.0
task-a-0180,encoding,cl100k_base,toke,74,190,0.0
task-a-0181,encoding,cl100k_base,toke,103,281,-1.0
task-a-0182,string,cl100k_base,toke,136,333,0.0
task-a-0183,string,cl100k_base,toke,141,367,0.0
task-a-0184,string,cl100k_base,toke,130,355,-1.0
task-a-0185,string,cl100k_base,toke,128,330,0.0
task-a-0186,string,cl100k_base,toke,119,315,-1.0
task-a-0187,string,cl100k_base,toke,203,548,0.0
task-a-0188,search_selection,cl100k_base,toke,142,350,1.0
task-a-0189,search_selection,cl100k_base,toke,215,505,1.0
task-a-0190,array_list,cl100k_base,toke,133,346,1.0
task-a-0191,array_list,cl100k_base,toke,79,212,1.0
task-a-0192,array_list,cl100k_base,toke,126,326,-1.0
task-a-0193,arithmetic,cl100k_base,toke,89,225,1.0
task-a-0194,arithmetic,cl100k_base,toke,90,231,1.0
task-a-0195,string,cl100k_base,toke,60,165,0.0
task-a-0196,string,cl100k_base,toke,179,425,0.0
task-a-0197,string,cl100k_base,toke,118,240,-1.0
task-a-0198,comparison_logic,cl100k_base,toke,108,286,1.0
task-a-0199,comparison_logic,cl100k_base,toke,108,286,1.0
task-a-0200,search_selection,cl100k_base,toke,215,479,0.0
task-a-0201,mathematical_sequences,cl100k_base,toke,113,289,-1.0
task-a-0202,mathematical_sequences,cl100k_base,toke,98,235,1.0
task-a-0203,mathematical_sequences,cl100k_base,toke,111,310,0.0
task-a-0204,array_list,cl100k_base,toke,112,287,1.0
task-a-0205,array_list,cl100k_base,toke,92,249,1.0
task-a-0206,array_list,cl100k_base,toke,119,290,1.0
task-a-0207,array_list,cl100k_base,toke,94,255,1.0
task-a-0208,array_list,cl100k_base,toke,136,355,1.0
task-a-0209,arithmetic,cl100k_base,toke,120,282,1.0
task-a-0210,search_selection,cl100k_base,toke,126,322,0.0
task-a-0211,arithmetic,cl100k_base,toke,73,174,1.0
task-a-0212,arithmetic,cl100k_base,toke,88,206,1.0
task-a-0213,arithmetic,cl100k_base,toke,112,289,1.0
task-a-0214,arithmetic,cl100k_base,toke,87,219,1.0
task-a-0215,arithmetic,cl100k_base,toke,81,196,1.0
task-a-0216,arithmetic,cl100k_base,toke,83,226,1.0
task-a-0217,arithmetic,cl100k_base,toke,134,367,1.0
task-a-0218,arithmetic,cl100k_base,toke,139,404,1.0
task-a-0219,arithmetic,cl100k_base,toke,107,264,1.0
task-a-0220,arithmetic,cl100k_base,toke,101,248,1.0
task-a-0221,array_list,cl100k_base,toke,260,653,1.0
task-a-0222,array_list,cl100k_base,toke,93,240,1.0
task-a-0223,array_list,cl100k_base,toke,127,325,1.0
task-a-0224,array_list,cl100k_base,toke,117,275,0.0
task-a-0225,array_list,cl100k_base,toke,215,551,-1.0
task-a-0226,array_list,cl100k_base,toke,72,185,1.0
task-a-0227,array_list,cl100k_base,toke,84,213,1.0
task-a-0228,array_list,cl100k_base,toke,141,373,1.0
task-a-0229,array_list,cl100k_base,toke,133,372,0.0
task-a-0230,array_list,cl100k_base,toke,135,360,0.0
task-a-0231,string,cl100k_base,toke,133,366,-1.0
task-a-0232,string,cl100k_base,toke,120,324,-1.0
task-a-0233,string,cl100k_base,toke,177,439,0.0
task-a-0234,string,cl100k_base,toke,169,413,0.0
task-a-0235,string,cl100k_base,toke,205,580,0.0
task-a-0236,string,cl100k_base,toke,183,450,0.0
task-a-0237,string,cl100k_base,toke,222,561,0.0
task-a-0238,string,cl100k_base,toke,158,409,0.0
task-a-0239,string,cl100k_base,toke,346,920,-1.0
task-a-0240,string,cl100k_base,toke,153,434,-1.0
task-a-0241,search_selection,cl100k_base,toke,327,893,0.0
task-a-0242,search_selection,cl100k_base,toke,96,231,1.0
task-a-0243,search_selection,cl100k_base,toke,176,467,0.0
task-a-0244,search_selection,cl100k_base,toke,113,295,1.0
task-a-0245,search_selection,cl100k_base,toke,147,352,0.0
task-a-0246,mathematical_sequences,cl100k_base,toke,122,265,-1.0
task-a-0247,mathematical_sequences,cl100k_base,toke,152,408,0.0
task-a-0248,mathematical_sequences,cl100k_base,toke,171,434,0.0
task-a-0249,mathematical_sequences,cl100k_base,toke,103,228,0.0
task-a-0250,mathematical_sequences,cl100k_base,toke,943,1889,-1.0
task-a-0251,comparison_logic,cl100k_base,toke,141,322,1.0
task-a-0252,comparison_logic,cl100k_base,toke,121,273,0.0
task-a-0253,comparison_logic,cl100k_base,toke,180,471,1.0
task-a-0254,comparison_logic,cl100k_base,toke,160,382,0.0
task-a-0255,comparison_logic,cl100k_base,toke,155,382,0.0
task-a-0256,encoding,cl100k_base,toke,120,254,1.0
task-a-0257,encoding,cl100k_base,toke,126,275,1.0
task-a-0258,encoding,cl100k_base,toke,113,278,0.0
task-a-0259,encoding,cl100k_base,toke,79,153,-1.0
task-a-0260,encoding,cl100k_base,toke,95,215,0.0
task-a-0261,arithmetic,cl100k_base,toke,84,208,1.0
task-a-0262,arithmetic,cl100k_base,toke,84,226,1.0
task-a-0263,arithmetic,cl100k_base,toke,105,254,0.0
task-a-0264,arithmetic,cl100k_base,toke,109,274,0.0
task-a-0265,arithmetic,cl100k_base,toke,78,157,1.0
task-a-0266,arithmetic,cl100k_base,toke,125,300,0.0
task-a-0267,arithmetic,cl100k_base,toke,77,188,0.0
task-a-0268,arithmetic,cl100k_base,toke,76,179,1.0
task-a-0269,arithmetic,cl100k_base,toke,116,249,0.0
task-a-0270,arithmetic,cl100k_base,toke,89,210,1.0
task-a-0271,array_list,cl100k_base,toke,147,385,1.0
task-a-0272,array_list,cl100k_base,toke,286,725,-1.0
task-a-0273,array_list,cl100k_base,toke,173,458,1.0
task-a-0274,array_list,cl100k_base,toke,97,261,1.0
task-a-0275,array_list,cl100k_base,toke,69,179,1.0
task-a-0276,string,cl100k_base,toke,209,522,-1.0
task-a-0277,string,cl100k_base,toke,90,233,0.0
task-a-0278,string,cl100k_base,toke,95,258,-1.0
task-a-0279,string,cl100k_base,toke,81,199,0.0
task-a-0280,string,cl100k_base,toke,81,200,0.0
task-a-0281,string,cl100k_base,toke,166,419,-1.0
task-a-0282,mathematical_sequences,cl100k_base,toke,147,316,0.0
task-a-0283,mathematical_sequences,cl100k_base,toke,142,283,0.0
task-a-0284,mathematical_sequences,cl100k_base,toke,147,308,0.0
task-a-0285,mathematical_sequences,cl100k_base,toke,71,174,1.0
task-a-0286,mathematical_sequences,cl100k_base,toke,90,238,0.0
task-a-0287,mathematical_sequences,cl100k_base,toke,69,161,0.0
task-a-0288,comparison_logic,cl100k_base,toke,177,430,0.0
task-a-0289,comparison_logic,cl100k_base,toke,80,198,1.0
task-a-0290,comparison_logic,cl100k_base,toke,83,200,1.0
task-a-0291,comparison_logic,cl100k_base,toke,80,212,1.0
task-a-0292,encoding,cl100k_base,toke,138,373,0.0
task-a-0293,encoding,cl100k_base,toke,111,292,-1.0
task-a-0294,encoding,cl100k_base,toke,78,209,0.0
task-a-0295,encoding,cl100k_base,toke,84,199,0.0
task-a-0296,encoding,cl100k_base,toke,142,368,0.0
task-a-0297,search_selection,cl100k_base,toke,78,190,1.0
task-a-0298,search_selection,cl100k_base,toke,77,191,1.0
task-a-0299,search_selection,cl100k_base,toke,161,372,0.0
task-a-0300,search_selection,cl100k_base,toke,201,543,-1.0
task-a-0301,arithmetic,cl100k_base,toke,83,213,1.0
task-a-0302,arithmetic,cl100k_base,toke,83,182,-1.0
task-a-0303,arithmetic,cl100k_base,toke,62,147,1.0
task-a-0304,array_list,cl100k_base,toke,81,217,1.0
task-a-0305,array_list,cl100k_base,toke,80,215,1.0
task-a-0306,array_list,cl100k_base,toke,93,244,1.0
task-a-0307,array_list,cl100k_base,toke,107,272,1.0
task-a-0308,string,cl100k_base,toke,114,321,-1.0
task-a-0309,string,cl100k_base,toke,209,518,-1.0
task-a-0310,comparison_logic,cl100k_base,toke,84,204,1.0
task-a-0311,mathematical_sequences,cl100k_base,toke,71,191,1.0
task-a-0312,encoding,cl100k_base,toke,66,143,1.0
task-a-0313,arithmetic,cl100k_base,toke,67,167,1.0
task-a-0314,arithmetic,cl100k_base,toke,57,142,1.0
task-a-0315,arithmetic,cl100k_base,toke,57,142,1.0
task-a-0316,arithmetic,cl100k_base,toke,56,140,1.0
task-a-0317,arithmetic,cl100k_base,toke,57,142,1.0
task-a-0318,arithmetic,cl100k_base,toke,63,135,1.0
task-a-0319,arithmetic,cl100k_base,toke,62,132,1.0
task-a-0320,arithmetic,cl100k_base,toke,62,149,1.0
task-a-0321,arithmetic,cl100k_base,toke,67,139,1.0
task-a-0322,arithmetic,cl100k_base,toke,63,147,1.0
task-a-0323,arithmetic,cl100k_base,toke,72,153,1.0
task-a-0324,arithmetic,cl100k_base,toke,101,195,1.0
task-a-0325,arithmetic,cl100k_base,toke,72,153,1.0
task-a-0326,arithmetic,cl100k_base,toke,67,139,1.0
task-a-0327,arithmetic,cl100k_base,toke,101,195,1.0
task-a-0328,arithmetic,cl100k_base,toke,67,167,1.0
task-a-0329,arithmetic,cl100k_base,toke,67,167,1.0
task-a-0330,arithmetic,cl100k_base,toke,67,167,1.0
task-a-0331,arithmetic,cl100k_base,toke,64,135,1.0
task-a-0332,arithmetic,cl100k_base,toke,94,181,0.0
task-a-0333,arithmetic,cl100k_base,toke,72,153,1.0
task-a-0334,arithmetic,cl100k_base,toke,64,135,1.0
task-a-0335,arithmetic,cl100k_base,toke,63,135,1.0
task-a-0336,arithmetic,cl100k_base,toke,67,139,1.0
task-a-0337,arithmetic,cl100k_base,toke,67,139,1.0
task-a-0338,arithmetic,cl100k_base,toke,94,181,0.0
task-a-0339,arithmetic,cl100k_base,toke,62,149,1.0
task-a-0340,arithmetic,cl100k_base,toke,64,135,1.0
task-a-0341,arithmetic,cl100k_base,toke,72,153,1.0
task-a-0342,arithmetic,cl100k_base,toke,72,153,1.0
task-a-0343,arithmetic,cl100k_base,toke,63,147,1.0
task-a-0344,arithmetic,cl100k_base,toke,72,153,1.0
task-a-0345,arithmetic,cl100k_base,toke,72,153,1.0
task-a-0346,arithmetic,cl100k_base,toke,63,135,1.0
task-a-0347,arithmetic,cl100k_base,toke,67,167,1.0
task-a-0348,arithmetic,cl100k_base,toke,63,135,1.0
task-a-0349,arithmetic,cl100k_base,toke,72,153,1.0
task-a-0350,arithmetic,cl100k_base,toke,62,149,1.0
task-a-0351,arithmetic,cl100k_base,toke,67,139,1.0
task-a-0352,arithmetic,cl100k_base,toke,64,135,1.0
task-a-0353,arithmetic,cl100k_base,toke,72,153,1.0
task-a-0354,arithmetic,cl100k_base,toke,94,181,0.0
task-a-0355,arithmetic,cl100k_base,toke,72,153,1.0
task-a-0356,arithmetic,cl100k_base,toke,64,135,1.0
task-a-0357,arithmetic,cl100k_base,toke,67,139,1.0
task-a-0358,arithmetic,cl100k_base,toke,62,149,1.0
task-a-0359,arithmetic,cl100k_base,toke,72,153,1.0
task-a-0360,arithmetic,cl100k_base,toke,97,186,0.0
task-a-0361,arithmetic,cl100k_base,toke,62,132,1.0
task-a-0362,arithmetic,cl100k_base,toke,94,181,0.0
task-a-0363,arithmetic,cl100k_base,toke,72,153,1.0
task-a-0364,arithmetic,cl100k_base,toke,72,153,1.0
task-a-0365,arithmetic,cl100k_base,toke,72,153,1.0
task-a-0366,arithmetic,cl100k_base,toke,62,132,1.0
task-a-0367,arithmetic,cl100k_base,toke,62,132,1.0
task-a-0368,arithmetic,cl100k_base,toke,66,146,1.0
task-a-0369,arithmetic,cl100k_base,toke,67,139,1.0
task-a-0370,arithmetic,cl100k_base,toke,67,139,1.0
task-a-0371,arithmetic,cl100k_base,toke,62,149,1.0
task-a-0372,arithmetic,cl100k_base,toke,94,181,0.0
task-a-0373,arithmetic,cl100k_base,toke,64,135,1.0
task-a-0374,arithmetic,cl100k_base,toke,75,188,1.0
task-a-0375,arithmetic,cl100k_base,toke,72,153,1.0
task-a-0376,arithmetic,cl100k_base,toke,67,139,1.0
task-a-0377,arithmetic,cl100k_base,toke,72,153,1.0
task-a-0378,arithmetic,cl100k_base,toke,66,146,1.0
task-a-0379,arithmetic,cl100k_base,toke,72,153,1.0
task-a-0380,arithmetic,cl100k_base,toke,67,167,1.0
task-a-0381,arithmetic,cl100k_base,toke,72,153,1.0
task-a-0382,arithmetic,cl100k_base,toke,72,153,1.0
task-a-0383,arithmetic,cl100k_base,toke,72,153,1.0
task-a-0384,arithmetic,cl100k_base,toke,72,153,1.0
task-a-0385,arithmetic,cl100k_base,toke,67,139,1.0
task-a-0386,arithmetic,cl100k_base,toke,72,153,1.0
task-a-0387,arithmetic,cl100k_base,toke,67,139,1.0
task-a-0388,arithmetic,cl100k_base,toke,72,153,1.0
task-a-0389,arithmetic,cl100k_base,toke,72,153,1.0
task-a-0390,arithmetic,cl100k_base,toke,67,167,1.0
task-a-0391,arithmetic,cl100k_base,toke,67,139,1.0
task-a-0392,arithmetic,cl100k_base,toke,64,135,1.0
task-a-0393,arithmetic,cl100k_base,toke,67,167,1.0
task-a-0394,arithmetic,cl100k_base,toke,64,135,1.0
task-a-0395,arithmetic,cl100k_base,toke,67,167,1.0
task-a-0396,arithmetic,cl100k_base,toke,67,139,1.0
task-a-0397,arithmetic,cl100k_base,toke,67,167,1.0
task-a-0398,arithmetic,cl100k_base,toke,62,149,1.0
task-a-0399,arithmetic,cl100k_base,toke,62,149,1.0
task-a-0400,arithmetic,cl100k_base,toke,69,172,1.0
task-a-0401,arithmetic,cl100k_base,toke,68,149,1.0
task-a-0402,arithmetic,cl100k_base,toke,94,181,0.0
task-a-0403,arithmetic,cl100k_base,toke,71,153,1.0
task-a-0404,arithmetic,cl100k_base,toke,97,186,0.0
task-a-0405,arithmetic,cl100k_base,toke,66,146,1.0
task-a-0406,arithmetic,cl100k_base,toke,67,139,1.0
task-a-0407,arithmetic,cl100k_base,toke,62,149,1.0
task-a-0408,arithmetic,cl100k_base,toke,62,149,1.0
task-a-0409,arithmetic,cl100k_base,toke,62,149,1.0
task-a-0410,arithmetic,cl100k_base,toke,62,149,1.0
task-a-0411,arithmetic,cl100k_base,toke,62,149,1.0
task-a-0412,arithmetic,cl100k_base,toke,64,135,1.0
task-a-0413,arithmetic,cl100k_base,toke,93,181,0.0
task-a-0414,arithmetic,cl100k_base,toke,63,135,1.0
task-a-0415,arithmetic,cl100k_base,toke,68,149,1.0
task-a-0416,arithmetic,cl100k_base,toke,63,135,1.0
task-a-0417,arithmetic,cl100k_base,toke,66,146,1.0
task-a-0418,arithmetic,cl100k_base,toke,63,135,1.0
task-a-0419,arithmetic,cl100k_base,toke,62,149,1.0
task-a-0420,arithmetic,cl100k_base,toke,63,135,1.0
task-a-0421,arithmetic,cl100k_base,toke,62,132,1.0
task-a-0422,arithmetic,cl100k_base,toke,58,140,1.0
task-a-0423,arithmetic,cl100k_base,toke,66,146,1.0
task-a-0424,arithmetic,cl100k_base,toke,69,172,1.0
task-a-0425,arithmetic,cl100k_base,toke,66,146,1.0
task-a-0426,arithmetic,cl100k_base,toke,62,132,1.0
task-a-0427,arithmetic,cl100k_base,toke,58,140,1.0
task-a-0428,arithmetic,cl100k_base,toke,58,140,1.0
task-a-0429,arithmetic,cl100k_base,toke,58,140,1.0
task-a-0430,arithmetic,cl100k_base,toke,57,142,1.0
task-a-0431,arithmetic,cl100k_base,toke,72,153,1.0
task-a-0432,arithmetic,cl100k_base,toke,68,149,1.0
task-a-0433,arithmetic,cl100k_base,toke,69,172,1.0
task-a-0434,arithmetic,cl100k_base,toke,94,181,0.0
task-a-0435,arithmetic,cl100k_base,toke,69,172,1.0
task-a-0436,arithmetic,cl100k_base,toke,69,172,1.0
task-a-0437,arithmetic,cl100k_base,toke,68,149,1.0
task-a-0438,arithmetic,cl100k_base,toke,94,181,0.0
task-a-0439,arithmetic,cl100k_base,toke,68,170,1.0
task-a-0440,arithmetic,cl100k_base,toke,69,172,1.0
task-a-0441,arithmetic,cl100k_base,toke,66,146,1.0
task-a-0442,arithmetic,cl100k_base,toke,69,172,1.0
task-a-0443,arithmetic,cl100k_base,toke,68,149,1.0
task-a-0444,arithmetic,cl100k_base,toke,68,149,1.0
task-a-0445,arithmetic,cl100k_base,toke,64,135,1.0
task-a-0446,arithmetic,cl100k_base,toke,64,135,1.0
task-a-0447,arithmetic,cl100k_base,toke,66,146,1.0
task-a-0448,arithmetic,cl100k_base,toke,72,153,1.0
task-a-0449,arithmetic,cl100k_base,toke,94,181,0.0
task-a-0450,arithmetic,cl100k_base,toke,94,181,0.0
task-a-0451,arithmetic,cl100k_base,toke,69,172,1.0
task-a-0452,arithmetic,cl100k_base,toke,67,167,1.0
task-a-0453,arithmetic,cl100k_base,toke,68,149,1.0
task-a-0454,arithmetic,cl100k_base,toke,62,132,1.0
task-a-0455,arithmetic,cl100k_base,toke,69,172,1.0
task-a-0456,arithmetic,cl100k_base,toke,67,139,1.0
task-a-0457,arithmetic,cl100k_base,toke,64,135,1.0
task-a-0458,arithmetic,cl100k_base,toke,67,167,1.0
task-a-0459,arithmetic,cl100k_base,toke,68,149,1.0
task-a-0460,arithmetic,cl100k_base,toke,62,132,1.0
task-a-0461,arithmetic,cl100k_base,toke,69,172,1.0
task-a-0462,arithmetic,cl100k_base,toke,62,132,1.0
task-a-0463,arithmetic,cl100k_base,toke,69,172,1.0
task-a-0464,arithmetic,cl100k_base,toke,62,132,1.0
task-a-0465,arithmetic,cl100k_base,toke,69,172,1.0
task-a-0466,arithmetic,cl100k_base,toke,69,172,1.0
task-a-0467,arithmetic,cl100k_base,toke,72,153,1.0
task-a-0468,arithmetic,cl100k_base,toke,72,153,1.0
task-a-0469,arithmetic,cl100k_base,toke,69,172,1.0
task-a-0470,arithmetic,cl100k_base,toke,69,172,1.0
task-a-0471,arithmetic,cl100k_base,toke,72,153,1.0
task-a-0472,arithmetic,cl100k_base,toke,62,132,1.0
task-a-0473,arithmetic,cl100k_base,toke,68,149,1.0
task-a-0474,arithmetic,cl100k_base,toke,94,181,0.0
task-a-0475,arithmetic,cl100k_base,toke,67,139,1.0
task-a-0476,arithmetic,cl100k_base,toke,67,139,1.0
task-a-0477,arithmetic,cl100k_base,toke,72,153,1.0
task-a-0478,arithmetic,cl100k_base,toke,64,135,1.0
task-a-0479,arithmetic,cl100k_base,toke,72,153,1.0
task-a-0480,arithmetic,cl100k_base,toke,67,139,1.0
task-a-0481,arithmetic,cl100k_base,toke,66,146,1.0
task-a-0482,arithmetic,cl100k_base,toke,66,146,1.0
task-a-0483,arithmetic,cl100k_base,toke,66,146,1.0
task-a-0484,arithmetic,cl100k_base,toke,66,146,1.0
task-a-0485,arithmetic,cl100k_base,toke,89,199,0.0
task-a-0486,arithmetic,cl100k_base,toke,66,146,1.0
task-a-0487,arithmetic,cl100k_base,toke,62,132,1.0
task-a-0488,arithmetic,cl100k_base,toke,56,140,1.0
task-a-0489,arithmetic,cl100k_base,toke,77,163,1.0
task-a-0490,arithmetic,cl100k_base,toke,56,140,1.0
task-a-0491,arithmetic,cl100k_base,toke,72,153,1.0
task-a-0492,arithmetic,cl100k_base,toke,94,181,0.0
task-a-0493,arithmetic,cl100k_base,toke,72,153,1.0
task-a-0494,arithmetic,cl100k_base,toke,94,181,0.0
task-a-0495,arithmetic,cl100k_base,toke,72,153,1.0
task-a-0496,arithmetic,cl100k_base,toke,64,135,1.0
task-a-0497,arithmetic,cl100k_base,toke,72,153,1.0
task-a-0498,arithmetic,cl100k_base,toke,94,181,0.0
task-a-0499,arithmetic,cl100k_base,toke,72,153,1.0
task-a-0500,arithmetic,cl100k_base,toke,97,186,0.0
task-a-0501,arithmetic,cl100k_base,toke,61,152,-1.0
task-a-0502,arithmetic,cl100k_base,toke,56,144,0.0
task-a-0503,arithmetic,cl100k_base,toke,60,152,0.0
task-a-0504,arithmetic,cl100k_base,toke,76,186,-1.0
task-a-0505,mathematical_sequences,cl100k_base,toke,117,254,1.0
task-a-0506,arithmetic,cl100k_base,toke,91,196,1.0
task-a-0507,arithmetic,cl100k_base,toke,110,263,1.0
task-a-0508,comparison_logic,cl100k_base,toke,915,2171,-1.0
task-a-0509,comparison_logic,cl100k_base,toke,61,162,-1.0
task-a-0510,mathematical_sequences,cl100k_base,toke,106,277,1.0
task-a-0511,arithmetic,cl100k_base,toke,112,252,1.0
task-a-0512,arithmetic,cl100k_base,toke,124,279,1.0
task-a-0513,arithmetic,cl100k_base,toke,73,174,1.0
task-a-0514,arithmetic,cl100k_base,toke,72,187,1.0
task-a-0515,search_selection,cl100k_base,toke,86,213,1.0
task-a-0516,search_selection,cl100k_base,toke,82,200,1.0
task-a-0517,array_list,cl100k_base,toke,75,172,1.0
task-a-0518,comparison_logic,cl100k_base,toke,78,189,1.0
task-a-0519,comparison_logic,cl100k_base,toke,78,189,1.0
task-a-0520,comparison_logic,cl100k_base,toke,78,192,1.0
task-a-0521,array_list,cl100k_base,toke,79,202,1.0
task-a-0522,array_list,cl100k_base,toke,86,228,1.0
task-a-0523,array_list,cl100k_base,toke,143,351,1.0
task-a-0524,array_list,cl100k_base,toke,103,280,1.0
task-a-0525,array_list,cl100k_base,toke,113,304,1.0
task-a-0526,array_list,cl100k_base,toke,89,226,1.0
task-a-0527,array_list,cl100k_base,toke,129,286,0.0
task-a-0528,comparison_logic,cl100k_base,toke,90,224,1.0
task-a-0529,search_selection,cl100k_base,toke,77,197,1.0
task-a-0530,comparison_logic,cl100k_base,toke,79,202,1.0
task-a-0531,search_selection,cl100k_base,toke,82,204,1.0
task-a-0532,array_list,cl100k_base,toke,98,252,1.0
task-a-0533,array_list,cl100k_base,toke,79,204,1.0
task-a-0534,array_list,cl100k_base,toke,98,247,0.0
task-a-0535,search_selection,cl100k_base,toke,96,257,0.0
task-a-0536,array_list,cl100k_base,toke,100,261,0.0
task-a-0537,search_selection,cl100k_base,toke,80,211,1.0
task-a-0538,comparison_logic,cl100k_base,toke,82,228,1.0
task-a-0539,array_list,cl100k_base,toke,84,215,1.0
task-a-0540,mathematical_sequences,cl100k_base,toke,101,235,1.0
task-a-0541,array_list,cl100k_base,toke,94,247,1.0
task-a-0542,array_list,cl100k_base,toke,192,452,1.0
task-a-0543,mathematical_sequences,cl100k_base,toke,69,165,1.0
task-a-0544,mathematical_sequences,cl100k_base,toke,94,240,0.0
task-a-0545,arithmetic,cl100k_base,toke,62,147,1.0
task-a-0546,arithmetic,cl100k_base,toke,54,144,1.0
task-a-0547,arithmetic,cl100k_base,toke,80,201,1.0
task-a-0548,search_selection,cl100k_base,toke,130,336,0.0
task-a-0549,search_selection,cl100k_base,toke,99,242,1.0
task-a-0550,arithmetic,cl100k_base,toke,89,221,1.0
task-a-0551,arithmetic,cl100k_base,toke,105,265,1.0
task-a-0552,comparison_logic,cl100k_base,toke,93,227,1.0
task-a-0553,comparison_logic,cl100k_base,toke,91,215,0.0
task-a-0554,arithmetic,cl100k_base,toke,93,220,1.0
task-a-0555,arithmetic,cl100k_base,toke,93,219,0.0
task-a-0556,array_list,cl100k_base,toke,82,205,1.0
task-a-0557,array_list,cl100k_base,toke,94,243,1.0
task-a-0558,comparison_logic,cl100k_base,toke,117,306,1.0
task-a-0559,array_list,cl100k_base,toke,104,262,0.0
task-a-0560,array_list,cl100k_base,toke,141,376,1.0
task-a-0561,search_selection,cl100k_base,toke,179,478,0.0
task-a-0562,search_selection,cl100k_base,toke,176,479,0.0
task-a-0563,comparison_logic,cl100k_base,toke,136,352,1.0
task-a-0564,arithmetic,cl100k_base,toke,81,191,1.0
task-a-0565,arithmetic,cl100k_base,toke,112,280,-1.0
task-a-0566,array_list,cl100k_base,toke,119,299,0.0
task-a-0567,arithmetic,cl100k_base,toke,59,157,1.0
task-a-0568,arithmetic,cl100k_base,toke,59,157,1.0
task-a-0569,arithmetic,cl100k_base,toke,59,157,1.0
task-a-0570,arithmetic,cl100k_base,toke,59,157,1.0
task-a-0571,arithmetic,cl100k_base,toke,54,140,0.0
task-a-0572,arithmetic,cl100k_base,toke,59,157,1.0
task-a-0573,arithmetic,cl100k_base,toke,59,157,1.0
task-a-0574,arithmetic,cl100k_base,toke,54,140,0.0
task-a-0575,arithmetic,cl100k_base,toke,59,157,1.0
task-a-0576,arithmetic,cl100k_base,toke,54,141,0.0
task-a-0577,arithmetic,cl100k_base,toke,54,141,0.0
task-a-0578,arithmetic,cl100k_base,toke,59,158,1.0
task-a-0579,arithmetic,cl100k_base,toke,54,141,0.0
task-a-0580,arithmetic,cl100k_base,toke,54,141,0.0
task-a-0581,arithmetic,cl100k_base,toke,54,141,0.0
task-a-0582,arithmetic,cl100k_base,toke,59,158,1.0
task-a-0583,arithmetic,cl100k_base,toke,54,141,0.0
task-a-0584,arithmetic,cl100k_base,toke,54,141,0.0
task-a-0585,arithmetic,cl100k_base,toke,54,141,0.0
task-a-0586,arithmetic,cl100k_base,toke,54,141,0.0
task-a-0587,arithmetic,cl100k_base,toke,54,141,0.0
task-a-0588,arithmetic,cl100k_base,toke,54,141,0.0
task-a-0589,arithmetic,cl100k_base,toke,59,158,1.0
task-a-0590,arithmetic,cl100k_base,toke,59,158,1.0
task-a-0591,arithmetic,cl100k_base,toke,54,141,0.0
task-a-0592,arithmetic,cl100k_base,toke,54,141,0.0
task-a-0593,arithmetic,cl100k_base,toke,59,158,1.0
task-a-0594,arithmetic,cl100k_base,toke,54,141,0.0
task-a-0595,arithmetic,cl100k_base,toke,59,158,1.0
task-a-0596,arithmetic,cl100k_base,toke,54,141,0.0
task-a-0597,arithmetic,cl100k_base,toke,59,158,1.0
task-a-0598,arithmetic,cl100k_base,toke,59,158,1.0
task-a-0599,arithmetic,cl100k_base,toke,54,141,0.0
task-a-0600,arithmetic,cl100k_base,toke,54,141,0.0
task-a-0601,arithmetic,cl100k_base,toke,54,141,0.0
task-a-0602,arithmetic,cl100k_base,toke,54,141,0.0
task-a-0603,arithmetic,cl100k_base,toke,59,158,1.0
task-a-0604,arithmetic,cl100k_base,toke,54,141,0.0
task-a-0605,arithmetic,cl100k_base,toke,54,141,0.0
task-a-0606,arithmetic,cl100k_base,toke,54,141,0.0
task-a-0607,arithmetic,cl100k_base,toke,59,158,1.0
task-a-0608,arithmetic,cl100k_base,toke,54,141,0.0
task-a-0609,arithmetic,cl100k_base,toke,59,158,1.0
task-a-0610,arithmetic,cl100k_base,toke,54,141,0.0
task-a-0611,arithmetic,cl100k_base,toke,54,141,0.0
task-a-0612,arithmetic,cl100k_base,toke,54,141,0.0
task-a-0613,arithmetic,cl100k_base,toke,54,141,0.0
task-a-0614,arithmetic,cl100k_base,toke,59,158,1.0
task-a-0615,arithmetic,cl100k_base,toke,54,141,0.0
task-a-0616,arithmetic,cl100k_base,toke,59,158,1.0
task-a-0617,arithmetic,cl100k_base,toke,59,158,1.0
task-a-0618,arithmetic,cl100k_base,toke,54,141,0.0
task-a-0619,arithmetic,cl100k_base,toke,54,141,0.0
task-a-0620,arithmetic,cl100k_base,toke,59,158,1.0
task-a-0621,arithmetic,cl100k_base,toke,54,141,0.0
task-a-0622,arithmetic,cl100k_base,toke,54,141,0.0
task-a-0623,arithmetic,cl100k_base,toke,54,141,0.0
task-a-0624,arithmetic,cl100k_base,toke,54,141,0.0
task-a-0625,arithmetic,cl100k_base,toke,59,158,1.0
task-a-0626,arithmetic,cl100k_base,toke,54,141,0.0
task-a-0627,arithmetic,cl100k_base,toke,59,158,1.0
task-a-0628,arithmetic,cl100k_base,toke,59,158,1.0
task-a-0629,arithmetic,cl100k_base,toke,54,141,0.0
task-a-0630,arithmetic,cl100k_base,toke,59,158,1.0
task-a-0631,arithmetic,cl100k_base,toke,54,141,0.0
task-a-0632,arithmetic,cl100k_base,toke,54,141,0.0
task-a-0633,arithmetic,cl100k_base,toke,54,141,0.0
task-a-0634,arithmetic,cl100k_base,toke,59,158,1.0
task-a-0635,arithmetic,cl100k_base,toke,54,141,0.0
task-a-0636,arithmetic,cl100k_base,toke,59,158,1.0
task-a-0637,arithmetic,cl100k_base,toke,54,141,0.0
task-a-0638,arithmetic,cl100k_base,toke,59,158,1.0
task-a-0639,arithmetic,cl100k_base,toke,54,141,0.0
task-a-0640,arithmetic,cl100k_base,toke,54,141,0.0
task-a-0641,arithmetic,cl100k_base,toke,59,158,1.0
task-a-0642,arithmetic,cl100k_base,toke,54,141,0.0
task-a-0643,arithmetic,cl100k_base,toke,54,141,0.0
task-a-0644,arithmetic,cl100k_base,toke,54,141,0.0
task-a-0645,arithmetic,cl100k_base,toke,59,158,1.0
task-a-0646,arithmetic,cl100k_base,toke,54,141,0.0
task-a-0647,arithmetic,cl100k_base,toke,54,141,0.0
task-a-0648,arithmetic,cl100k_base,toke,54,141,0.0
task-a-0649,arithmetic,cl100k_base,toke,54,141,0.0
task-a-0650,arithmetic,cl100k_base,toke,54,141,0.0
task-a-0651,arithmetic,cl100k_base,toke,54,141,0.0
task-a-0652,arithmetic,cl100k_base,toke,54,141,0.0
task-a-0653,arithmetic,cl100k_base,toke,54,141,0.0
task-a-0654,arithmetic,cl100k_base,toke,54,141,0.0
task-a-0655,arithmetic,cl100k_base,toke,59,158,1.0
task-a-0656,arithmetic,cl100k_base,toke,59,158,1.0
task-a-0657,arithmetic,cl100k_base,toke,59,158,1.0
task-a-0658,arithmetic,cl100k_base,toke,59,158,1.0
task-a-0659,arithmetic,cl100k_base,toke,59,158,1.0
task-a-0660,arithmetic,cl100k_base,toke,59,158,1.0
task-a-0661,arithmetic,cl100k_base,toke,54,141,0.0
task-a-0662,arithmetic,cl100k_base,toke,59,158,1.0
task-a-0663,arithmetic,cl100k_base,toke,59,158,1.0
task-a-0664,arithmetic,cl100k_base,toke,54,141,0.0
task-a-0665,arithmetic,cl100k_base,toke,59,158,1.0
task-a-0666,arithmetic,cl100k_base,toke,54,142,0.0
task-a-0667,arithmetic,cl100k_base,toke,54,142,0.0
task-a-0668,arithmetic,cl100k_base,toke,54,142,0.0
task-a-0669,arithmetic,cl100k_base,toke,54,142,0.0
task-a-0670,arithmetic,cl100k_base,toke,59,159,1.0
task-a-0671,arithmetic,cl100k_base,toke,54,142,0.0
task-a-0672,arithmetic,cl100k_base,toke,54,142,0.0
task-a-0673,arithmetic,cl100k_base,toke,54,142,0.0
task-a-0674,arithmetic,cl100k_base,toke,59,159,1.0
task-a-0675,arithmetic,cl100k_base,toke,59,159,1.0
task-a-0676,arithmetic,cl100k_base,toke,54,142,0.0
task-a-0677,arithmetic,cl100k_base,toke,54,142,0.0
task-a-0678,arithmetic,cl100k_base,toke,54,142,0.0
task-a-0679,arithmetic,cl100k_base,toke,54,142,0.0
task-a-0680,arithmetic,cl100k_base,toke,54,142,0.0
task-a-0681,arithmetic,cl100k_base,toke,54,142,0.0
task-a-0682,arithmetic,cl100k_base,toke,54,142,0.0
task-a-0683,arithmetic,cl100k_base,toke,54,142,0.0
task-a-0684,arithmetic,cl100k_base,toke,54,142,0.0
task-a-0685,arithmetic,cl100k_base,toke,54,142,0.0
task-a-0686,arithmetic,cl100k_base,toke,54,142,0.0
task-a-0687,arithmetic,cl100k_base,toke,54,142,0.0
task-a-0688,arithmetic,cl100k_base,toke,54,142,0.0
task-a-0689,arithmetic,cl100k_base,toke,54,142,0.0
task-a-0690,arithmetic,cl100k_base,toke,54,142,0.0
task-a-0691,arithmetic,cl100k_base,toke,54,142,0.0
task-a-0692,arithmetic,cl100k_base,toke,54,142,0.0
task-a-0693,arithmetic,cl100k_base,toke,59,159,1.0
task-a-0694,arithmetic,cl100k_base,toke,54,142,0.0
task-a-0695,arithmetic,cl100k_base,toke,59,159,1.0
task-a-0696,arithmetic,cl100k_base,toke,54,142,0.0
task-a-0697,arithmetic,cl100k_base,toke,54,142,0.0
task-a-0698,arithmetic,cl100k_base,toke,54,142,0.0
task-a-0699,arithmetic,cl100k_base,toke,54,142,0.0
task-a-0700,arithmetic,cl100k_base,toke,54,142,0.0
task-a-0701,arithmetic,cl100k_base,toke,54,142,0.0
task-a-0702,arithmetic,cl100k_base,toke,59,159,1.0
task-a-0703,arithmetic,cl100k_base,toke,54,142,0.0
task-a-0704,arithmetic,cl100k_base,toke,54,142,0.0
task-a-0705,arithmetic,cl100k_base,toke,59,159,1.0
task-a-0706,arithmetic,cl100k_base,toke,54,142,0.0
task-a-0707,arithmetic,cl100k_base,toke,59,159,1.0
task-a-0708,arithmetic,cl100k_base,toke,54,142,0.0
task-a-0709,arithmetic,cl100k_base,toke,54,142,0.0
task-a-0710,arithmetic,cl100k_base,toke,59,159,1.0
task-a-0711,arithmetic,cl100k_base,toke,54,142,0.0
task-a-0712,arithmetic,cl100k_base,toke,54,142,0.0
task-a-0713,arithmetic,cl100k_base,toke,54,142,0.0
task-a-0714,arithmetic,cl100k_base,toke,59,159,1.0
task-a-0715,arithmetic,cl100k_base,toke,54,142,0.0
task-a-0716,arithmetic,cl100k_base,toke,70,188,1.0
task-a-0717,arithmetic,cl100k_base,toke,65,178,0.0
task-a-0718,arithmetic,cl100k_base,toke,65,178,0.0
task-a-0719,arithmetic,cl100k_base,toke,65,178,0.0
task-a-0720,arithmetic,cl100k_base,toke,59,157,1.0
task-a-0721,arithmetic,cl100k_base,toke,70,190,1.0
task-a-0722,arithmetic,cl100k_base,toke,66,173,-1.0
task-a-0723,arithmetic,cl100k_base,toke,52,141,1.0
task-a-0724,arithmetic,cl100k_base,toke,59,158,1.0
task-a-0725,arithmetic,cl100k_base,toke,59,158,1.0
task-a-0726,arithmetic,cl100k_base,toke,59,158,1.0
task-a-0727,arithmetic,cl100k_base,toke,59,158,1.0
task-a-0728,arithmetic,cl100k_base,toke,59,158,1.0
task-a-0729,arithmetic,cl100k_base,toke,65,179,0.0
task-a-0730,arithmetic,cl100k_base,toke,77,192,1.0
task-a-0731,arithmetic,cl100k_base,toke,77,192,1.0
task-a-0732,arithmetic,cl100k_base,toke,77,192,1.0
task-a-0733,arithmetic,cl100k_base,toke,77,192,1.0
task-a-0734,arithmetic,cl100k_base,toke,77,192,1.0
task-a-0735,arithmetic,cl100k_base,toke,77,192,1.0
task-a-0736,arithmetic,cl100k_base,toke,77,192,1.0
task-a-0737,arithmetic,cl100k_base,toke,77,192,1.0
task-a-0738,arithmetic,cl100k_base,toke,77,192,1.0
task-a-0739,arithmetic,cl100k_base,toke,77,193,1.0
task-a-0740,arithmetic,cl100k_base,toke,77,193,1.0
task-a-0741,arithmetic,cl100k_base,toke,77,193,1.0
task-a-0742,arithmetic,cl100k_base,toke,77,193,1.0
task-a-0743,arithmetic,cl100k_base,toke,77,193,1.0
task-a-0744,arithmetic,cl100k_base,toke,77,193,1.0
task-a-0745,arithmetic,cl100k_base,toke,77,193,1.0
task-a-0746,arithmetic,cl100k_base,toke,77,193,1.0
task-a-0747,arithmetic,cl100k_base,toke,77,193,1.0
task-a-0748,arithmetic,cl100k_base,toke,77,193,1.0
task-a-0749,arithmetic,cl100k_base,toke,77,193,1.0
task-a-0750,arithmetic,cl100k_base,toke,77,193,1.0
task-a-0751,arithmetic,cl100k_base,toke,77,193,1.0
task-a-0752,arithmetic,cl100k_base,toke,77,193,1.0
task-a-0753,arithmetic,cl100k_base,toke,77,193,1.0
task-a-0754,arithmetic,cl100k_base,toke,77,193,1.0
task-a-0755,arithmetic,cl100k_base,toke,77,193,1.0
task-a-0756,arithmetic,cl100k_base,toke,77,193,1.0
task-a-0757,arithmetic,cl100k_base,toke,77,193,1.0
task-a-0758,arithmetic,cl100k_base,toke,77,193,1.0
task-a-0759,arithmetic,cl100k_base,toke,77,193,1.0
task-a-0760,arithmetic,cl100k_base,toke,77,193,1.0
task-a-0761,arithmetic,cl100k_base,toke,77,193,1.0
task-a-0762,arithmetic,cl100k_base,toke,77,193,1.0
task-a-0763,arithmetic,cl100k_base,toke,77,193,1.0
task-a-0764,arithmetic,cl100k_base,toke,77,193,1.0
task-a-0765,arithmetic,cl100k_base,toke,77,193,1.0
task-a-0766,arithmetic,cl100k_base,toke,77,193,1.0
task-a-0767,arithmetic,cl100k_base,toke,77,193,1.0
task-a-0768,arithmetic,cl100k_base,toke,77,193,1.0
task-a-0769,arithmetic,cl100k_base,toke,77,193,1.0
task-a-0770,arithmetic,cl100k_base,toke,77,193,1.0
task-a-0771,arithmetic,cl100k_base,toke,77,193,1.0
task-a-0772,arithmetic,cl100k_base,toke,77,193,1.0
task-a-0773,arithmetic,cl100k_base,toke,77,193,1.0
task-a-0774,arithmetic,cl100k_base,toke,77,193,1.0
task-a-0775,arithmetic,cl100k_base,toke,77,193,1.0
task-a-0776,arithmetic,cl100k_base,toke,77,193,1.0
task-a-0777,arithmetic,cl100k_base,toke,77,193,1.0
task-a-0778,arithmetic,cl100k_base,toke,77,193,1.0
task-a-0779,arithmetic,cl100k_base,toke,77,193,1.0
task-a-0780,arithmetic,cl100k_base,toke,77,193,1.0
task-a-0781,arithmetic,cl100k_base,toke,77,193,1.0
task-a-0782,arithmetic,cl100k_base,toke,77,193,1.0
task-a-0783,arithmetic,cl100k_base,toke,77,193,1.0
task-a-0784,arithmetic,cl100k_base,toke,77,193,1.0
task-a-0785,arithmetic,cl100k_base,toke,77,193,1.0
task-a-0786,arithmetic,cl100k_base,toke,77,193,1.0
task-a-0787,arithmetic,cl100k_base,toke,77,193,1.0
task-a-0788,arithmetic,cl100k_base,toke,77,193,1.0
task-a-0789,arithmetic,cl100k_base,toke,77,193,1.0
task-a-0790,arithmetic,cl100k_base,toke,77,193,1.0
task-a-0791,arithmetic,cl100k_base,toke,77,193,1.0
task-a-0792,arithmetic,cl100k_base,toke,77,193,1.0
task-a-0793,arithmetic,cl100k_base,toke,77,193,1.0
task-a-0794,arithmetic,cl100k_base,toke,77,193,1.0
task-a-0795,arithmetic,cl100k_base,toke,77,193,1.0
task-a-0796,arithmetic,cl100k_base,toke,77,193,1.0
task-a-0797,arithmetic,cl100k_base,toke,77,193,1.0
task-a-0798,arithmetic,cl100k_base,toke,77,193,1.0
task-a-0799,arithmetic,cl100k_base,toke,77,193,1.0
task-a-0800,arithmetic,cl100k_base,toke,77,193,1.0
task-a-0801,arithmetic,cl100k_base,toke,77,193,1.0
task-a-0802,arithmetic,cl100k_base,toke,77,193,1.0
task-a-0803,arithmetic,cl100k_base,toke,77,193,1.0
task-a-0804,arithmetic,cl100k_base,toke,77,193,1.0
task-a-0805,arithmetic,cl100k_base,toke,77,193,1.0
task-a-0806,arithmetic,cl100k_base,toke,77,193,1.0
task-a-0807,arithmetic,cl100k_base,toke,77,193,1.0
task-a-0808,arithmetic,cl100k_base,toke,77,193,1.0
task-a-0809,arithmetic,cl100k_base,toke,61,152,-1.0
task-a-0810,arithmetic,cl100k_base,toke,56,144,0.0
task-a-0811,arithmetic,cl100k_base,toke,60,152,0.0
task-a-0812,arithmetic,cl100k_base,toke,76,186,-1.0
task-a-0813,mathematical_sequences,cl100k_base,toke,117,254,1.0
task-a-0814,arithmetic,cl100k_base,toke,91,196,1.0
task-a-0815,arithmetic,cl100k_base,toke,110,263,1.0
task-a-0816,comparison_logic,cl100k_base,toke,915,2171,-1.0
task-a-0817,comparison_logic,cl100k_base,toke,61,162,-1.0
task-a-0818,mathematical_sequences,cl100k_base,toke,106,277,1.0
task-a-0819,arithmetic,cl100k_base,toke,112,252,1.0
task-a-0820,arithmetic,cl100k_base,toke,124,279,1.0
task-a-0821,arithmetic,cl100k_base,toke,73,174,1.0
task-a-0822,arithmetic,cl100k_base,toke,72,187,1.0
task-a-0823,search_selection,cl100k_base,toke,86,213,1.0
task-a-0824,search_selection,cl100k_base,toke,83,201,1.0
task-a-0825,array_list,cl100k_base,toke,75,172,1.0
task-a-0826,comparison_logic,cl100k_base,toke,77,187,1.0
task-a-0827,comparison_logic,cl100k_base,toke,78,189,1.0
task-a-0828,comparison_logic,cl100k_base,toke,78,192,1.0
task-a-0829,array_list,cl100k_base,toke,79,202,1.0
task-a-0830,array_list,cl100k_base,toke,85,225,1.0
task-a-0831,array_list,cl100k_base,toke,121,297,1.0
task-a-0832,array_list,cl100k_base,toke,107,298,1.0
task-a-0833,array_list,cl100k_base,toke,113,304,1.0
task-a-0834,array_list,cl100k_base,toke,89,226,1.0
task-a-0835,array_list,cl100k_base,toke,129,286,0.0
task-a-0836,comparison_logic,cl100k_base,toke,90,224,1.0
task-a-0837,search_selection,cl100k_base,toke,77,197,1.0
task-a-0838,comparison_logic,cl100k_base,toke,79,202,1.0
task-a-0839,search_selection,cl100k_base,toke,82,204,1.0
task-a-0840,array_list,cl100k_base,toke,98,252,1.0
task-a-0841,array_list,cl100k_base,toke,79,204,1.0
task-a-0842,array_list,cl100k_base,toke,98,249,0.0
task-a-0843,search_selection,cl100k_base,toke,96,257,0.0
task-a-0844,array_list,cl100k_base,toke,100,261,0.0
task-a-0845,search_selection,cl100k_base,toke,104,284,-1.0
task-a-0846,comparison_logic,cl100k_base,toke,82,228,1.0
task-a-0847,array_list,cl100k_base,toke,84,215,1.0
task-a-0848,mathematical_sequences,cl100k_base,toke,101,235,1.0
task-a-0849,array_list,cl100k_base,toke,94,247,1.0
task-a-0850,array_list,cl100k_base,toke,192,452,1.0
task-a-0851,mathematical_sequences,cl100k_base,toke,69,165,1.0
task-a-0852,mathematical_sequences,cl100k_base,toke,94,240,0.0
task-a-0853,arithmetic,cl100k_base,toke,83,182,1.0
task-a-0854,arithmetic,cl100k_base,toke,54,144,1.0
task-a-0855,arithmetic,cl100k_base,toke,80,201,1.0
task-a-0856,search_selection,cl100k_base,toke,130,336,0.0
task-a-0857,search_selection,cl100k_base,toke,99,242,1.0
task-a-0858,arithmetic,cl100k_base,toke,89,221,1.0
task-a-0859,arithmetic,cl100k_base,toke,105,265,1.0
task-a-0860,comparison_logic,cl100k_base,toke,93,227,1.0
task-a-0861,comparison_logic,cl100k_base,toke,91,229,0.0
task-a-0862,arithmetic,cl100k_base,toke,93,220,1.0
task-a-0863,arithmetic,cl100k_base,toke,93,219,0.0
task-a-0864,array_list,cl100k_base,toke,82,205,1.0
task-a-0865,array_list,cl100k_base,toke,94,243,1.0
task-a-0866,comparison_logic,cl100k_base,toke,117,306,1.0
task-a-0867,array_list,cl100k_base,toke,104,262,0.0
task-a-0868,array_list,cl100k_base,toke,141,376,1.0
task-a-0869,search_selection,cl100k_base,toke,179,478,0.0
task-a-0870,search_selection,cl100k_base,toke,146,381,0.0
task-a-0871,comparison_logic,cl100k_base,toke,134,350,1.0
task-a-0872,arithmetic,cl100k_base,toke,81,191,1.0
task-a-0873,arithmetic,cl100k_base,toke,112,280,-1.0
task-a-0874,array_list,cl100k_base,toke,119,299,0.0
task-a-0875,arithmetic,cl100k_base,toke,41,93,1.0
task-a-0876,arithmetic,cl100k_base,toke,59,157,1.0
task-a-0877,arithmetic,cl100k_base,toke,59,157,1.0
task-a-0878,arithmetic,cl100k_base,toke,59,157,1.0
task-a-0879,arithmetic,cl100k_base,toke,54,140,0.0
task-a-0880,arithmetic,cl100k_base,toke,59,157,1.0
task-a-0881,arithmetic,cl100k_base,toke,54,140,0.0
task-a-0882,arithmetic,cl100k_base,toke,54,140,0.0
task-a-0883,arithmetic,cl100k_base,toke,59,157,1.0
task-a-0884,arithmetic,cl100k_base,toke,54,141,0.0
task-a-0885,arithmetic,cl100k_base,toke,59,158,1.0
task-a-0886,arithmetic,cl100k_base,toke,59,158,1.0
task-a-0887,arithmetic,cl100k_base,toke,54,141,0.0
task-a-0888,arithmetic,cl100k_base,toke,54,141,0.0
task-a-0889,arithmetic,cl100k_base,toke,54,141,0.0
task-a-0890,arithmetic,cl100k_base,toke,59,158,1.0
task-a-0891,arithmetic,cl100k_base,toke,54,141,0.0
task-a-0892,arithmetic,cl100k_base,toke,59,158,1.0
task-a-0893,arithmetic,cl100k_base,toke,59,158,1.0
task-a-0894,arithmetic,cl100k_base,toke,54,141,0.0
task-a-0895,arithmetic,cl100k_base,toke,54,141,0.0
task-a-0896,arithmetic,cl100k_base,toke,54,141,0.0
task-a-0897,arithmetic,cl100k_base,toke,54,141,0.0
task-a-0898,arithmetic,cl100k_base,toke,59,158,1.0
task-a-0899,arithmetic,cl100k_base,toke,54,141,0.0
task-a-0900,arithmetic,cl100k_base,toke,59,158,1.0
task-a-0901,arithmetic,cl100k_base,toke,59,158,1.0
task-a-0902,arithmetic,cl100k_base,toke,54,141,0.0
task-a-0903,arithmetic,cl100k_base,toke,59,158,1.0
task-a-0904,arithmetic,cl100k_base,toke,54,141,0.0
task-a-0905,arithmetic,cl100k_base,toke,59,158,1.0
task-a-0906,arithmetic,cl100k_base,toke,54,141,0.0
task-a-0907,arithmetic,cl100k_base,toke,54,141,0.0
task-a-0908,arithmetic,cl100k_base,toke,54,141,0.0
task-a-0909,arithmetic,cl100k_base,toke,54,141,0.0
task-a-0910,arithmetic,cl100k_base,toke,54,141,0.0
task-a-0911,arithmetic,cl100k_base,toke,54,141,0.0
task-a-0912,arithmetic,cl100k_base,toke,54,141,0.0
task-a-0913,arithmetic,cl100k_base,toke,54,141,0.0
task-a-0914,arithmetic,cl100k_base,toke,54,141,0.0
task-a-0915,arithmetic,cl100k_base,toke,54,141,0.0
task-a-0916,arithmetic,cl100k_base,toke,59,158,1.0
task-a-0917,arithmetic,cl100k_base,toke,54,141,0.0
task-a-0918,arithmetic,cl100k_base,toke,54,141,0.0
task-a-0919,arithmetic,cl100k_base,toke,54,141,0.0
task-a-0920,arithmetic,cl100k_base,toke,54,141,0.0
task-a-0921,arithmetic,cl100k_base,toke,59,158,1.0
task-a-0922,arithmetic,cl100k_base,toke,59,158,1.0
task-a-0923,arithmetic,cl100k_base,toke,54,141,0.0
task-a-0924,arithmetic,cl100k_base,toke,54,141,0.0
task-a-0925,arithmetic,cl100k_base,toke,59,158,1.0
task-a-0926,arithmetic,cl100k_base,toke,54,141,0.0
task-a-0927,arithmetic,cl100k_base,toke,54,141,0.0
task-a-0928,arithmetic,cl100k_base,toke,54,141,0.0
task-a-0929,arithmetic,cl100k_base,toke,54,141,0.0
task-a-0930,arithmetic,cl100k_base,toke,59,158,1.0
task-a-0931,arithmetic,cl100k_base,toke,59,158,1.0
task-a-0932,arithmetic,cl100k_base,toke,54,141,0.0
task-a-0933,arithmetic,cl100k_base,toke,59,158,1.0
task-a-0934,arithmetic,cl100k_base,toke,54,141,0.0
task-a-0935,arithmetic,cl100k_base,toke,54,141,0.0
task-a-0936,arithmetic,cl100k_base,toke,59,158,1.0
task-a-0937,arithmetic,cl100k_base,toke,59,158,1.0
task-a-0938,arithmetic,cl100k_base,toke,59,158,1.0
task-a-0939,arithmetic,cl100k_base,toke,54,141,0.0
task-a-0940,arithmetic,cl100k_base,toke,59,158,1.0
task-a-0941,arithmetic,cl100k_base,toke,59,158,1.0
task-a-0942,arithmetic,cl100k_base,toke,59,158,1.0
task-a-0943,arithmetic,cl100k_base,toke,54,141,0.0
task-a-0944,arithmetic,cl100k_base,toke,54,141,0.0
task-a-0945,arithmetic,cl100k_base,toke,59,158,1.0
task-a-0946,arithmetic,cl100k_base,toke,59,158,1.0
task-a-0947,arithmetic,cl100k_base,toke,54,141,0.0
task-a-0948,arithmetic,cl100k_base,toke,54,141,0.0
task-a-0949,arithmetic,cl100k_base,toke,54,141,0.0
task-a-0950,arithmetic,cl100k_base,toke,54,141,0.0
task-a-0951,arithmetic,cl100k_base,toke,54,141,0.0
task-a-0952,arithmetic,cl100k_base,toke,59,158,1.0
task-a-0953,arithmetic,cl100k_base,toke,54,141,0.0
task-a-0954,arithmetic,cl100k_base,toke,54,141,0.0
task-a-0955,arithmetic,cl100k_base,toke,54,141,0.0
task-a-0956,arithmetic,cl100k_base,toke,54,141,0.0
task-a-0957,arithmetic,cl100k_base,toke,54,141,0.0
task-a-0958,arithmetic,cl100k_base,toke,54,141,0.0
task-a-0959,arithmetic,cl100k_base,toke,54,141,0.0
task-a-0960,arithmetic,cl100k_base,toke,54,141,0.0
task-a-0961,arithmetic,cl100k_base,toke,54,141,0.0
task-a-0962,arithmetic,cl100k_base,toke,54,141,0.0
task-a-0963,arithmetic,cl100k_base,toke,54,141,0.0
task-a-0964,arithmetic,cl100k_base,toke,54,141,0.0
task-a-0965,arithmetic,cl100k_base,toke,59,158,1.0
task-a-0966,arithmetic,cl100k_base,toke,59,158,1.0
task-a-0967,arithmetic,cl100k_base,toke,59,158,1.0
task-a-0968,arithmetic,cl100k_base,toke,59,158,1.0
task-a-0969,arithmetic,cl100k_base,toke,59,158,1.0
task-a-0970,arithmetic,cl100k_base,toke,59,158,1.0
task-a-0971,arithmetic,cl100k_base,toke,59,158,1.0
task-a-0972,arithmetic,cl100k_base,toke,54,141,0.0
task-a-0973,arithmetic,cl100k_base,toke,59,158,1.0
task-a-0974,arithmetic,cl100k_base,toke,54,142,0.0
task-a-0975,arithmetic,cl100k_base,toke,54,142,0.0
task-a-0976,arithmetic,cl100k_base,toke,54,142,0.0
task-a-0977,arithmetic,cl100k_base,toke,54,142,0.0
task-a-0978,arithmetic,cl100k_base,toke,59,159,1.0
task-a-0979,arithmetic,cl100k_base,toke,54,142,0.0
task-a-0980,arithmetic,cl100k_base,toke,54,142,0.0
task-a-0981,arithmetic,cl100k_base,toke,54,142,0.0
task-a-0982,arithmetic,cl100k_base,toke,54,142,0.0
task-a-0983,arithmetic,cl100k_base,toke,59,159,1.0
task-a-0984,arithmetic,cl100k_base,toke,54,142,0.0
task-a-0985,arithmetic,cl100k_base,toke,54,142,0.0
task-a-0986,arithmetic,cl100k_base,toke,59,159,1.0
task-a-0987,arithmetic,cl100k_base,toke,54,142,0.0
task-a-0988,arithmetic,cl100k_base,toke,54,142,0.0
task-a-0989,arithmetic,cl100k_base,toke,54,142,0.0
task-a-0990,arithmetic,cl100k_base,toke,54,142,0.0
task-a-0991,arithmetic,cl100k_base,toke,54,142,0.0
task-a-0992,arithmetic,cl100k_base,toke,54,142,0.0
task-a-0993,arithmetic,cl100k_base,toke,54,142,0.0
task-a-0994,arithmetic,cl100k_base,toke,54,142,0.0
task-a-0995,arithmetic,cl100k_base,toke,54,142,0.0
task-a-0996,arithmetic,cl100k_base,toke,54,142,0.0
task-a-0997,arithmetic,cl100k_base,toke,54,142,0.0
task-a-0998,arithmetic,cl100k_base,toke,59,159,1.0
task-a-0999,arithmetic,cl100k_base,toke,54,142,0.0
task-a-1000,arithmetic,cl100k_base,toke,59,159,1.0
